Source,Target
techieVignesh,TheRisingThumb
TheRisingThumb,OyaBinchanTV
TheRisingThumb,cormacbattle
TheRisingThumb,AnthonyYakovlev
TheRisingThumb,DrBrianMay
TheRisingThumb,elonmusk
TheRisingThumb,beeple
TheRisingThumb,LyonsMatthew
TheRisingThumb,alicehazelton
TheRisingThumb,Husqvarna1903
TheRisingThumb,KTM_Racing
TheRisingThumb,fortyfourteeth
TheRisingThumb,Premises187
TheRisingThumb,BaronVonGrumble
TheRisingThumb,AdskMaya
TheRisingThumb,DianaMorawski
TheRisingThumb,KTM_UK
TheRisingThumb,kerbdogofficial
TheRisingThumb,_velvec
TheRisingThumb,rigitnet
TheRisingThumb,HIDEO_KOJIMA_EN
techieVignesh,TheRisingThumb
VFXUnionUK,TheRisingThumb
BruceWa00275659,TheRisingThumb
SallyBa31239831,TheRisingThumb
Jeremy_Rhydes,TheRisingThumb
_velvec,TheRisingThumb
SoplyHQ,TheRisingThumb
BumblebeeGames,TheRisingThumb
Richbet11,TheRisingThumb
christian2193,TheRisingThumb
aitvc,TheRisingThumb
changegamescom,TheRisingThumb
Vins_Night_In,TheRisingThumb
dungdung83,TheRisingThumb
hotscience_mke,TheRisingThumb
Matthewstep,TheRisingThumb
TheSlideFactory,TheRisingThumb
charlesbrepsant,TheRisingThumb
TEDxEastEnd,TheRisingThumb
cgcris_com,TheRisingThumb
techieVignesh,DanaLovesVidya
DanaLovesVidya,techieVignesh
DanaLovesVidya,VR_Newz
DanaLovesVidya,ceza_128
DanaLovesVidya,joewintergreen
DanaLovesVidya,TheRealRyanHiga
DanaLovesVidya,BN_care
DanaLovesVidya,OuterlandsDoc
DanaLovesVidya,FourHorsesGames
DanaLovesVidya,tso_xo
DanaLovesVidya,DPandaHeart
DanaLovesVidya,kitschwitsch
DanaLovesVidya,ShaunaBeeBee
DanaLovesVidya,NoamDTranslated
DanaLovesVidya,LimitedRunGames
DanaLovesVidya,somepx
DanaLovesVidya,WITHIN
DanaLovesVidya,EndlessModeLP
DanaLovesVidya,hiveworkshop
DanaLovesVidya,sleeplessgeek
DanaLovesVidya,SonicPhoenix
techieVignesh,DanaLovesVidya
digthatgold,DanaLovesVidya
DPandaHeart,DanaLovesVidya
zebinder,DanaLovesVidya
_1387363180901,DanaLovesVidya
EndlessModeLP,DanaLovesVidya
ZenseiTV,DanaLovesVidya
retro_gam3r,DanaLovesVidya
NtalesGame,DanaLovesVidya
StefanKantor,DanaLovesVidya
Bouncy_Boxer,DanaLovesVidya
6BillionPeople,DanaLovesVidya
AtariEdge,DanaLovesVidya
PoliticsOTM,DanaLovesVidya
voodoo_game,DanaLovesVidya
StarlightSkyes,DanaLovesVidya
nxt_big_InGames,DanaLovesVidya
LastChickenGame,DanaLovesVidya
jasminajazzzz,DanaLovesVidya
KatreeseBarnes,DanaLovesVidya
techieVignesh,MondayMotivater
KevinPONeil,MondayMotivater
ronelieksr,MondayMotivater
rahulsavkargaik,MondayMotivater
FunJbird,MondayMotivater
TatianGutierrez,MondayMotivater
Pearson12Tammie,MondayMotivater
SamuelRB98,MondayMotivater
LustlyLilly,MondayMotivater
BALLETTODANZA,MondayMotivater
JCAPoquoson,MondayMotivater
Evalyn08514273,MondayMotivater
ShamimAktarAhmd,MondayMotivater
flossiensc,MondayMotivater
morandon,MondayMotivater
govavonteddu,MondayMotivater
LACETEL_Johanna,MondayMotivater
Nicolas74696093,MondayMotivater
monica_adil,MondayMotivater
arobinsaystweet,MondayMotivater
WisdomChimukoko,MondayMotivater
techieVignesh,alind123
alind123,instagram
alind123,Caradelevingne
alind123,angelcandice
alind123,SI_Swimsuit
alind123,KateUpton
alind123,TweetAthena
alind123,kourtneykardash
alind123,TheRock
alind123,Eminem
alind123,jaysean
alind123,EmmaWatsonPage
alind123,FCBarcelona
techieVignesh,alind123
Er_AnuragPandey,alind123
ResciM,alind123
jainavi890,alind123
jet_khalsa,alind123
BridgeEduTech,alind123
techieVignesh,ravi_ranjan145
ravi_ranjan145,techieVignesh
ravi_ranjan145,OpenAI
ravi_ranjan145,khanacademy
ravi_ranjan145,elonmusk
ravi_ranjan145,BarackObama
ravi_ranjan145,ArunSFan
ravi_ranjan145,ambaonadventure
ravi_ranjan145,GM_NRly
ravi_ranjan145,sureshprabhu
ravi_ranjan145,sureshpprabhu
ravi_ranjan145,jayantsinha
ravi_ranjan145,aparnashukla19
ravi_ranjan145,4musicstartups
ravi_ranjan145,TourRadar
ravi_ranjan145,db964e1a3ecc4e4
ravi_ranjan145,SoundCloud
ravi_ranjan145,CLOUDKOMPAREIN
ravi_ranjan145,burt_brooks
ravi_ranjan145,FTIIndia
ravi_ranjan145,disneyjobsindia
techieVignesh,ravi_ranjan145
SanjkrvKumar,ravi_ranjan145
olamoney_in,ravi_ranjan145
akashrausha,ravi_ranjan145
Isabelle2517,ravi_ranjan145
SOCIALPRODOMIAN,ravi_ranjan145
BhogeSumit,ravi_ranjan145
anurag5s,ravi_ranjan145
SoulonajourneyS,ravi_ranjan145
AnnAntony16,ravi_ranjan145
ankita2010,ravi_ranjan145
SonyCV1,ravi_ranjan145
AnnieAntony7,ravi_ranjan145
kranthi_dotnet,ravi_ranjan145
samprabhakarbgs,ravi_ranjan145
27697863428042a,ravi_ranjan145
KrishanDass,ravi_ranjan145
ShreyaM66981679,ravi_ranjan145
dishmeshra,ravi_ranjan145
NYKOrgIndia,ravi_ranjan145
techieVignesh,ChatWMatt
ChatWMatt,BATNAT0947
ChatWMatt,Amyfrankeinau
ChatWMatt,STYULme581
ChatWMatt,VickWinners
ChatWMatt,fivestartack
ChatWMatt,mentoreffectorg
ChatWMatt,IamMyQ
ChatWMatt,botsify_app
ChatWMatt,TylerBHorvath
ChatWMatt,jniewiecki
ChatWMatt,kamlesm
ChatWMatt,BandSiammNJamms
ChatWMatt,GuyCivics
ChatWMatt,AngelinaCorriga
ChatWMatt,RayBeharry
ChatWMatt,TwiSTedTAL0N
ChatWMatt,rhalyns
ChatWMatt,DrSepah
ChatWMatt,jjgonza08
ChatWMatt,Llaverawer
AngelinaCorriga,ChatWMatt
PegDelpTeam,ChatWMatt
ImagarSC,ChatWMatt
JohnLukeNYC,ChatWMatt
shaheen66465354,ChatWMatt
ravinde17411136,ChatWMatt
keloshiogwemue,ChatWMatt
TheRealBenMcfly,ChatWMatt
CryptoJava,ChatWMatt
cryptomania2018,ChatWMatt
easy_picker,ChatWMatt
artdrawdoodlep,ChatWMatt
Mahm0udBadawy,ChatWMatt
GeberConsulting,ChatWMatt
Jelloteemo,ChatWMatt
noonuay,ChatWMatt
ugbogure,ChatWMatt
joyita394,ChatWMatt
MarketingBuzzTV,ChatWMatt
nubikmaritimes,ChatWMatt
techieVignesh,nitinkumar25195
nitinkumar25195,rocketship_he
nitinkumar25195,Uhlv_1
nitinkumar25195,SD_STEVIE_D
nitinkumar25195,johnnyginard
nitinkumar25195,dark_raccoon__
nitinkumar25195,storytimecards1
nitinkumar25195,techieVignesh
nitinkumar25195,GraveDangerGame
nitinkumar25195,DolmenGame
nitinkumar25195,AJRPGCo
nitinkumar25195,shephertz
nitinkumar25195,chicomcastro
nitinkumar25195,pinestcw
nitinkumar25195,AhistyaP
nitinkumar25195,AtelierLyrebird
nitinkumar25195,crevassestudio
nitinkumar25195,exoticmat
nitinkumar25195,atomichorsedev
nitinkumar25195,cammipham
nitinkumar25195,alllpeanutbutt1
rocketship_he,nitinkumar25195
Uhlv_1,nitinkumar25195
dark_raccoon__,nitinkumar25195
johnnyginard,nitinkumar25195
SD_STEVIE_D,nitinkumar25195
techieVignesh,nitinkumar25195
dlanniebrown,nitinkumar25195
storytimecards1,nitinkumar25195
PlayHanako,nitinkumar25195
shephertz,nitinkumar25195
AJRPGCo,nitinkumar25195
DolmenGame,nitinkumar25195
GraveDangerGame,nitinkumar25195
AkaRogues,nitinkumar25195
pinestcw,nitinkumar25195
crevassestudio,nitinkumar25195
SinghLions,nitinkumar25195
AtelierLyrebird,nitinkumar25195
exoticmat,nitinkumar25195
alllpeanutbutt1,nitinkumar25195
techieVignesh,js_news_
js_news_,imsurendhar
js_news_,joelatwar
js_news_,tomy8910
js_news_,ArnoldBaghomian
js_news_,RonertasLT
js_news_,Nicholas_R122
js_news_,pvnandu
js_news_,krispatl
js_news_,titanlux619
js_news_,mactale
js_news_,284485487
js_news_,loopsoftit
js_news_,ADesforges1
js_news_,gracylayla
js_news_,gosarahjabeen
js_news_,HClaverieOpen
js_news_,PeterJFullenCPA
js_news_,saaandr4
js_news_,Tom_McGurl
js_news_,Lora_Stanford
WorleyKatherine,js_news_
Kinyua_Jason_M,js_news_
mattfs_,js_news_
GiannaSimone1,js_news_
colan_infotch,js_news_
itmart2014,js_news_
Pensieve4Coding,js_news_
hermit8888,js_news_
alshaibani__ali,js_news_
UberEng,js_news_
tnweatherman,js_news_
officialjtw,js_news_
a0Shandilya,js_news_
GuguDontsa,js_news_
d2alphame,js_news_
virtualvicky15,js_news_
danmoorhouse80,js_news_
geoffhirst,js_news_
m_prorekhin,js_news_
jamesqquick,js_news_
techieVignesh,Kent13n
Kent13n,iamfrankiemoran
Kent13n,AmauryCanela
Kent13n,soprano899
Kent13n,RenaldPrebe
Kent13n,Inviaggiatore
Kent13n,jluis3365_38
Kent13n,navmlk
Kent13n,theGuruWithin
Kent13n,kawapopolsku
Kent13n,VBATechnologies
Kent13n,howardjeff10
Kent13n,wbaseweb
Kent13n,web_advice
Kent13n,lv16com
Kent13n,crummysummy
Kent13n,jorgemcreativo
Kent13n,milanonelweb
Kent13n,fox6now
Kent13n,hashemdiu1
Kent13n,chima_munyai
v2webhosting,Kent13n
Futurezet,Kent13n
Abominion,Kent13n
UmarHSoaries,Kent13n
JessicaaLouu94,Kent13n
Gleison27bh,Kent13n
utwdesign,Kent13n
mxllejuju974,Kent13n
JoseWebDesigner,Kent13n
MIKspeaker,Kent13n
DavidSeek,Kent13n
groom_media,Kent13n
ZeeSaying,Kent13n
AntonioOscullo,Kent13n
RepCharlesSC,Kent13n
soprano899,Kent13n
theGuruWithin,Kent13n
emmercm,Kent13n
bradyconsult,Kent13n
TaoQuesty,Kent13n
techieVignesh,Ahadify
Ahadify,wolffkae
Ahadify,TiredMadison
Ahadify,chvntrxmldvz
Ahadify,__mtl
Ahadify,TKirbys
Ahadify,amethyysstt
Ahadify,mahahahaaa
Ahadify,TheSavageAl
Ahadify,SierraNataliexo
Ahadify,vivicsilvaa
Ahadify,sandxnigga
Ahadify,tconnorscs
Ahadify,Honeyblancaa
Ahadify,stars_sea_shit
Ahadify,karaconcepts
Ahadify,heIIojojo
Ahadify,PSJACKlE
Ahadify,rewenCSGO
Ahadify,Buhllistic
Ahadify,_thisisangie
TiredMadison,Ahadify
__mtl,Ahadify
amethyysstt,Ahadify
jxydenr16,Ahadify
mahahahaaa,Ahadify
Kawameeh12,Ahadify
angram777,Ahadify
TheSavageAl,Ahadify
M3M0N_SH4D0W,Ahadify
sandxnigga,Ahadify
Eljah4,Ahadify
HPNFlyGirl,Ahadify
Jake_7OB,Ahadify
samilkarahisar,Ahadify
stars_sea_shit,Ahadify
techieVignesh,Ahadify
LiamPatonMedia,Ahadify
CostaKapo,Ahadify
karaconcepts,Ahadify
ANaturalGeek,Ahadify
techieVignesh,Loim988
Loim988,jeremyjackson89
Loim988,techieVignesh
Loim988,sergios2020
Loim988,TweetTechnical
Loim988,AdamRuins
Loim988,adamconover
Loim988,ItMeIRL
Loim988,ECCCWeatherBC
Loim988,JonTt
Loim988,VGArtAndTidbits
Loim988,GameIcons
Loim988,tomscott
Loim988,skennison
Loim988,Space_Station
Loim988,SpadXIII
Loim988,MegaMan
Loim988,BubsyThe_Bobcat
Loim988,deepbluezen
Loim988,CipherpunkChris
Loim988,Bandygrass
CamButton92,Loim988
jeremyjackson89,Loim988
grantthorndike1,Loim988
PamelaGunter12,Loim988
techieVignesh,Loim988
sergios2020,Loim988
AppleJuice22,Loim988
hey_its_kyle_yo,Loim988
StoneBakedGames,Loim988
deepbluezen,Loim988
CipherpunkChris,Loim988
fivefeet5,Loim988
assailgames,Loim988
ClayTaeto,Loim988
graphicloves,Loim988
lanthos,Loim988
DanaLovesVidya,Loim988
finitereflect,Loim988
kkiniaes,Loim988
ChrisDeLeon,Loim988
techieVignesh,Danenania
Danenania,_jg
Danenania,Zahra_XIII
Danenania,m1guelpf
Danenania,elinda35
Danenania,spietrek
Danenania,branziggracerx
Danenania,rpanachi
Danenania,SushanthRamesh
Danenania,rsansiya
Danenania,TomAtPensa
Danenania,iosartem
Danenania,DNRStudiosCEO
Danenania,rancakadityo
Danenania,tat_thien
Danenania,benneates88
Danenania,bestyourtrip
Danenania,samuclock
Danenania,alanpage
Danenania,BlackKurtosis
Danenania,geekvine
QueenEliofAllah,Danenania
ahmadmushtaq,Danenania
spietrek,Danenania
Zahra_XIII,Danenania
christvienlandu,Danenania
tobideveloper,Danenania
audioanalytic,Danenania
jasonkries,Danenania
MikaMyllynen,Danenania
PHPs_Tutorial,Danenania
btcnewschannel,Danenania
AMehdiW,Danenania
FabianCook,Danenania
rautsan,Danenania
jhulten,Danenania
nobonobo,Danenania
KentGruber,Danenania
sakhi_louw,Danenania
Blogging_Tools_,Danenania
ch4rma_net,Danenania
techieVignesh,deepbluezen
deepbluezen,PomeloGames
deepbluezen,ArlanWasHere
deepbluezen,jaroslavstehlik
deepbluezen,shanazbyrne
deepbluezen,2ndCareerDevs
deepbluezen,marksanwel
deepbluezen,sophiaaar
deepbluezen,ProjectLDI
deepbluezen,danluu
deepbluezen,tomdns_
deepbluezen,sarah_draws
deepbluezen,zhille
deepbluezen,adam_orth
deepbluezen,gjbeedie
deepbluezen,GameDevTV
deepbluezen,ADAMATOMIC
deepbluezen,davidcondolora
deepbluezen,brookecondolora
deepbluezen,brain_and_brain
deepbluezen,mrhelmut
PFactoryENG,deepbluezen
sarah_draws,deepbluezen
techieVignesh,deepbluezen
hey_its_kyle_yo,deepbluezen
retrophilion,deepbluezen
Wisdom_Secret,deepbluezen
CamButton92,deepbluezen
ConvergentSpace,deepbluezen
TshDotNet,deepbluezen
AlexNechitaDev,deepbluezen
jeremyjackson89,deepbluezen
Jett_Quasar,deepbluezen
_InvictaGames,deepbluezen
weirdalexv,deepbluezen
cavemonsters,deepbluezen
flowerxchainz,deepbluezen
DShengjuler,deepbluezen
HEIONARCH,deepbluezen
nik_mohilchock,deepbluezen
thegalaxygame,deepbluezen
techieVignesh,HungryDevFeed
HungryDevFeed,McFunkypants
HungryDevFeed,GearsOfEden
HungryDevFeed,oasisofspades
HungryDevFeed,Nick_Polchies
HungryDevFeed,TabbyRose
HungryDevFeed,mass_konfuzion
HungryDevFeed,BenJoe72
HungryDevFeed,lanthos
HungryDevFeed,ccolongames
HungryDevFeed,SpadXIII
HungryDevFeed,ChrisDeLeon
HungryDevFeed,StoneBakedGames
HungryDevFeed,Gamkedo
HungryDevFeed,RtoVR
HungryDevFeed,SteamVR
HungryDevFeed,htcvive
HungryDevFeed,gamasutra
HungryDevFeed,htc
brucegabriella2,HungryDevFeed
techieVignesh,HungryDevFeed
CamButton92,HungryDevFeed
DanaLovesVidya,HungryDevFeed
EK4H6,HungryDevFeed
GearsOfEden,HungryDevFeed
Thunder_Owl,HungryDevFeed
barticasun,HungryDevFeed
waferthinninja,HungryDevFeed
Monique_Game,HungryDevFeed
imapainter96,HungryDevFeed
kristiejadeart,HungryDevFeed
ggkurtis,HungryDevFeed
tone4388,HungryDevFeed
mass_konfuzion,HungryDevFeed
jesaro,HungryDevFeed
STG3D,HungryDevFeed
curt1893,HungryDevFeed
BenJoe72,HungryDevFeed
lanthos,HungryDevFeed
techieVignesh,sergios2020
sergios2020,CamButton92
sergios2020,MckKirk
sergios2020,hey_its_kyle_yo
sergios2020,fivefeet5
sergios2020,Loim988
sergios2020,techieVignesh
sergios2020,MadridGamingEx
sergios2020,finitereflect
sergios2020,FullIndieUK
sergios2020,AKindlyOrc
sergios2020,MixedrealityD
sergios2020,Lab_Member_009
sergios2020,deepbluezen
sergios2020,DanaLovesVidya
sergios2020,rodolfodth
sergios2020,LegendarySquare
sergios2020,indiegamescom
sergios2020,DesertJay
sergios2020,S_Chaussee
sergios2020,MikeOgden
Hardware360Wrld,sergios2020
hey_its_kyle_yo,sergios2020
techieVignesh,sergios2020
Loim988,sergios2020
fivefeet5,sergios2020
HeinyReimes,sergios2020
finitereflect,sergios2020
lukehutgames,sergios2020
edugargollo,sergios2020
RenaudDMarshall,sergios2020
OrbSoundwerx,sergios2020
StarlightSkyes,sergios2020
deepbluezen,sergios2020
Lab_Member_009,sergios2020
dedricksarzaba,sergios2020
OmegaLarmor,sergios2020
DanaLovesVidya,sergios2020
DesertJay,sergios2020
rodolfodth,sergios2020
mass_konfuzion,sergios2020
techieVignesh,OmegaLarmor
OmegaLarmor,jeremyjackson89
OmegaLarmor,techieVignesh
OmegaLarmor,kobithequick
OmegaLarmor,doyouevengarber
OmegaLarmor,SQLGene
OmegaLarmor,UbisoftCanada
OmegaLarmor,UbisoftMTL
OmegaLarmor,MIGS__
OmegaLarmor,MTL_IGF
OmegaLarmor,MEGAexpomtl
OmegaLarmor,Naro_Sen
OmegaLarmor,CipherpunkChris
OmegaLarmor,LaGuildeQuebec
OmegaLarmor,studioMiniBoss
OmegaLarmor,hey_its_kyle_yo
OmegaLarmor,Sigrath
OmegaLarmor,saint11
OmegaLarmor,setchi
OmegaLarmor,fivefeet5
OmegaLarmor,Namatnieks
CamButton92,OmegaLarmor
hey_its_kyle_yo,OmegaLarmor
techieVignesh,OmegaLarmor
doyouevengarber,OmegaLarmor
kobithequick,OmegaLarmor
jatmdm,OmegaLarmor
simmer_io,OmegaLarmor
RenaudDMarshall,OmegaLarmor
MTL_IGF,OmegaLarmor
FlyingCarpetsG,OmegaLarmor
arouton,OmegaLarmor
Naro_Sen,OmegaLarmor
gullwings13,OmegaLarmor
CipherpunkChris,OmegaLarmor
antreyaonline,OmegaLarmor
fivefeet5,OmegaLarmor
JCHoffmanMusic,OmegaLarmor
donalddmlg,OmegaLarmor
TayNayaF,OmegaLarmor
ChristofMarkle,OmegaLarmor
techieVignesh,fivefeet5
fivefeet5,techieVignesh
fivefeet5,CamButton92
fivefeet5,lanthos
fivefeet5,sergios2020
fivefeet5,CipherpunkChris
fivefeet5,OmegaLarmor
fivefeet5,Naro_Sen
fivefeet5,ivmirx
fivefeet5,warrengonline
fivefeet5,deepbluezen
fivefeet5,Loim988
fivefeet5,RenaudDMarshall
fivefeet5,Gamkedo
fivefeet5,HumbleISD_AHS
fivefeet5,rwenderlich
fivefeet5,mhollemans
fivefeet5,HellerWeather
fivefeet5,SparkMailApp
fivefeet5,FrugalTravelGuy
fivefeet5,DesertJay
sergios2020,fivefeet5
wordpressbot_,fivefeet5
techieVignesh,fivefeet5
txcraig,fivefeet5
CipherpunkChris,fivefeet5
ClayTaeto,fivefeet5
OmegaLarmor,fivefeet5
lanthos,fivefeet5
StoneBakedGames,fivefeet5
DanaLovesVidya,fivefeet5
McFunkypants,fivefeet5
deepbluezen,fivefeet5
Loim988,fivefeet5
LikesGames13,fivefeet5
DesertJay,fivefeet5
PopMonsterGames,fivefeet5
ChrisDeLeon,fivefeet5
Gamkedo,fivefeet5
ratpacdad,fivefeet5
mickey__2527,fivefeet5
techieVignesh,matthughson
matthughson,Lumena_tan
matthughson,VKA_THU
matthughson,ironicaccount
matthughson,jesseringrose
matthughson,gabrielcrowe
matthughson,Alp317
matthughson,ryan_luce
matthughson,diest64
matthughson,Skaz_
matthughson,BurningOut
matthughson,platformalist
matthughson,eggboycolor
matthughson,gnatpat
matthughson,Powersaurus
matthughson,Roysterini
matthughson,SebAaltonen
matthughson,mccolgst
matthughson,MLJWare
matthughson,JohanAronson
matthughson,MrFariator
inadequatehumor,matthughson
edannunziata,matthughson
andrewcarvalho,matthughson
glitchedheart,matthughson
SkeeBallPlus,matthughson
ismyhc,matthughson
spudevs,matthughson
BeautifulPanda_,matthughson
3dcger,matthughson
Unicorns_Reign,matthughson
spectrumgomas,matthughson
DeshorsAxel,matthughson
ageverything,matthughson
WalterEllisFun,matthughson
techieVignesh,matthughson
MikeWice,matthughson
gamefundaily24,matthughson
bogdanraczynski,matthughson
ggerena,matthughson
jorgehen0,matthughson
techieVignesh,EverydayEagle
EverydayEagle,HmongThreads
EverydayEagle,chrisvweatherly
EverydayEagle,horowitz39
EverydayEagle,MikeKMorrison
EverydayEagle,mehba13462
EverydayEagle,sheriran95
EverydayEagle,techieVignesh
EverydayEagle,DjWeideman
EverydayEagle,Nick_McIntyre
EverydayEagle,SubjectToReview
EverydayEagle,Bex_Band
EverydayEagle,Wire_Queen
EverydayEagle,batchelorshow
EverydayEagle,QuiTamGuru
EverydayEagle,nathan1cook
EverydayEagle,_ProLifePatriot
EverydayEagle,PostaDiFalcone
EverydayEagle,DineshDSouza
EverydayEagle,godspromisebox
EverydayEagle,H_Durenberger
HmongThreads,EverydayEagle
chrisvweatherly,EverydayEagle
ZakiyaLarry,EverydayEagle
JONAS24159057,EverydayEagle
MikeKMorrison,EverydayEagle
Lionheart0075,EverydayEagle
sheriran95,EverydayEagle
techieVignesh,EverydayEagle
Nick_McIntyre,EverydayEagle
Wire_Queen,EverydayEagle
batchelorshow,EverydayEagle
QuiTamGuru,EverydayEagle
nathan1cook,EverydayEagle
CedarWoods1,EverydayEagle
_ProLifePatriot,EverydayEagle
PostaDiFalcone,EverydayEagle
Shastina_Eloff,EverydayEagle
Ripple_Canada,EverydayEagle
mou_designer,EverydayEagle
godspromisebox,EverydayEagle
techieVignesh,DustinPeerce
DustinPeerce,redblobgames
DustinPeerce,ParadigmGame
DustinPeerce,lowpolycurls
DustinPeerce,SirKawaine
DustinPeerce,igdaEKU
DustinPeerce,Lacey_Lansaw
DustinPeerce,LexPlayCon
DustinPeerce,GibiOfficial
DustinPeerce,SarahCAndersen
DustinPeerce,punchesbears
DustinPeerce,ludumdare
DustinPeerce,edenthecat
DustinPeerce,WhatsGood_Games
DustinPeerce,AlexaRayC
DustinPeerce,BlondeNerd
DustinPeerce,minionsart
DustinPeerce,Jupiter_Hadley
DustinPeerce,WoostarsPixels
DustinPeerce,johnvandel
DustinPeerce,PlayingCats
holly,DustinPeerce
techieVignesh,DustinPeerce
Yolanda87788329,DustinPeerce
StandOffGameDev,DustinPeerce
AngelaT65389903,DustinPeerce
ASMRLittleMelon,DustinPeerce
SirKawaine,DustinPeerce
igdaEKU,DustinPeerce
Lacey_Lansaw,DustinPeerce
KungaEntertain,DustinPeerce
witch_trees,DustinPeerce
Rg56270215,DustinPeerce
MyXboxAndME,DustinPeerce
DigiRend,DustinPeerce
CaidenceStone,DustinPeerce
KFBestFriends,DustinPeerce
KF_Quotes,DustinPeerce
Keke_the_Frog,DustinPeerce
johnvandel,DustinPeerce
PlayingCats,DustinPeerce
